Search query, Volume, Date, Project, Group
linson moto,5 797,30-01-2021 00:24:31,Linson Moto - Moto Ekip
мото екипировка,1 209,30-01-2021 00:24:31,Linson Moto - Moto Ekip
linsonmoto,1 167,30-01-2021 00:24:31,Linson Moto - Moto Ekip
линсон мото,1 105,30-01-2021 00:24:31,Linson Moto - Moto Ekip
мотори,1 036,30-01-2021 00:24:31,Linson Moto - Moto Ekip
moto,871,30-01-2021 00:24:31,Linson Moto - Moto Ekip
linson,655,30-01-2021 00:24:31,Linson Moto - Moto Ekip
каски,622,30-01-2021 00:24:31,Linson Moto - Moto Ekip
мото каски,556,30-01-2021 00:24:31,Linson Moto - Moto Ekip
мото,480,30-01-2021 00:24:31,Linson Moto - Moto Ekip
мото екип,412,30-01-2021 00:24:31,Linson Moto - Moto Ekip
мото аксесоари,411,30-01-2021 00:24:31,Linson Moto - Moto Ekip
dainese,386,30-01-2021 00:24:31,Linson Moto - Moto Ekip
части за мотори,350,30-01-2021 00:24:31,Linson Moto - Moto Ekip
мото магазин,317,30-01-2021 00:24:31,Linson Moto - Moto Ekip
motori,293,30-01-2021 00:24:31,Linson Moto - Moto Ekip
мото магазин софия,290,30-01-2021 00:24:31,Linson Moto - Moto Ekip
Linson Moto - Moto Ekip София,282,30-01-2021 00:24:31,Linson Moto - Moto Ekip
Linson Moto - Moto Ekip улица „проф. Кирил Попов Sofia,223,30-01-2021 00:24:31,Linson Moto - Moto Ekip
nula bike,204,30-01-2021 00:24:31,Linson Moto - Moto Ekip
каски за мотори,202,30-01-2021 00:24:31,Linson Moto - Moto Ekip
линсън мото,196,30-01-2021 00:24:31,Linson Moto - Moto Ekip
Linson Moto - Moto Ekip улица „проф. Кирил Попов София,195,30-01-2021 00:24:31,Linson Moto - Moto Ekip
мото яке,174,30-01-2021 00:24:31,Linson Moto - Moto Ekip
мото якета,174,30-01-2021 00:24:31,Linson Moto - Moto Ekip
moto moto,147,30-01-2021 00:24:31,Linson Moto - Moto Ekip
motoekip,144,30-01-2021 00:24:31,Linson Moto - Moto Ekip
магазин за мотори,137,30-01-2021 00:24:31,Linson Moto - Moto Ekip
Мото магазин софия,125,30-01-2021 00:24:31,Linson Moto - Moto Ekip
mv agusta,120,30-01-2021 00:24:31,Linson Moto - Moto Ekip
moto bg,119,30-01-2021 00:24:31,Linson Moto - Moto Ekip
линсон,118,30-01-2021 00:24:31,Linson Moto - Moto Ekip
мото части,117,30-01-2021 00:24:31,Linson Moto - Moto Ekip
moto ekip,104,30-01-2021 00:24:31,Linson Moto - Moto Ekip
moto kaski,102,30-01-2021 00:24:31,Linson Moto - Moto Ekip
Мото екипировка,99,30-01-2021 00:24:31,Linson Moto - Moto Ekip
магазин за мотори софия,99,30-01-2021 00:24:31,Linson Moto - Moto Ekip
линсонмото,92,30-01-2021 00:24:31,Linson Moto - Moto Ekip
agv,91,30-01-2021 00:24:31,Linson Moto - Moto Ekip
мото облекло,89,30-01-2021 00:24:31,Linson Moto - Moto Ekip
магазин за мото екипировка,81,30-01-2021 00:24:31,Linson Moto - Moto Ekip
мото обувки,80,30-01-2021 00:24:31,Linson Moto - Moto Ekip
Linson moto,77,30-01-2021 00:24:31,Linson Moto - Moto Ekip
linson moto bg,74,30-01-2021 00:24:31,Linson Moto - Moto Ekip
аксесоари за мотор,70,30-01-2021 00:24:31,Linson Moto - Moto Ekip
мотори втора ръка,70,30-01-2021 00:24:31,Linson Moto - Moto Ekip
Linson Moto - Moto Ekip,65,30-01-2021 00:24:31,Linson Moto - Moto Ekip
екип,64,30-01-2021 00:24:31,Linson Moto - Moto Ekip
shark helmet,62,30-01-2021 00:24:31,Linson Moto - Moto Ekip
alpinestars,59,30-01-2021 00:24:31,Linson Moto - Moto Ekip
oneal екипировка,54,30-01-2021 00:24:31,Linson Moto - Moto Ekip
акумулатор за мотор,50,30-01-2021 00:24:31,Linson Moto - Moto Ekip
мотокрос,50,30-01-2021 00:24:31,Linson Moto - Moto Ekip
linsonmoto.bg,48,30-01-2021 00:24:31,Linson Moto - Moto Ekip
мото софия,46,30-01-2021 00:24:31,Linson Moto - Moto Ekip
moto ekipirovka,43,30-01-2021 00:24:31,Linson Moto - Moto Ekip
мото каска,42,30-01-2021 00:24:31,Linson Moto - Moto Ekip
linson moto работно време,41,30-01-2021 00:24:31,Linson Moto - Moto Ekip
аксесоари за мотори,40,30-01-2021 00:24:31,Linson Moto - Moto Ekip
мото гуци,38,30-01-2021 00:24:31,Linson Moto - Moto Ekip
lube,37,30-01-2021 00:24:31,Linson Moto - Moto Ekip
Мото каски,37,30-01-2021 00:24:31,Linson Moto - Moto Ekip
мотокрос екипировка,37,30-01-2021 00:24:31,Linson Moto - Moto Ekip
alpinestar,35,30-01-2021 00:24:31,Linson Moto - Moto Ekip
mt helmets,35,30-01-2021 00:24:31,Linson Moto - Moto Ekip
ekip,34,30-01-2021 00:24:31,Linson Moto - Moto Ekip
мото магазин студентски град,34,30-01-2021 00:24:31,Linson Moto - Moto Ekip
мотоциклети,34,30-01-2021 00:24:31,Linson Moto - Moto Ekip
Linson Moto - Moto Ekip улица „Професор Кирил Попов“ София,34,30-01-2021 00:24:31,Linson Moto - Moto Ekip
Linson Moto - Moto Ekip улица „Професор Кирил Попов“ Sofia,33,30-01-2021 00:24:31,Linson Moto - Moto Ekip
moto magazin,32,30-01-2021 00:24:31,Linson Moto - Moto Ekip
kaski,28,30-01-2021 00:24:31,Linson Moto - Moto Ekip
arai helmets,27,30-01-2021 00:24:31,Linson Moto - Moto Ekip
nula. bike,26,30-01-2021 00:24:31,Linson Moto - Moto Ekip
турър мотори,25,30-01-2021 00:24:31,Linson Moto - Moto Ekip
магазин,23,30-01-2021 00:24:31,Linson Moto - Moto Ekip
кавазаки,22,30-01-2021 00:24:31,Linson Moto - Moto Ekip
Moto,21,30-01-2021 00:24:31,Linson Moto - Moto Ekip
moto bulgaria,21,30-01-2021 00:24:31,Linson Moto - Moto Ekip
moto.bg,21,30-01-2021 00:24:31,Linson Moto - Moto Ekip
Bata магазини софия,20,30-01-2021 00:24:31,Linson Moto - Moto Ekip
djigit shop,20,30-01-2021 00:24:31,Linson Moto - Moto Ekip
moto guzzi,20,30-01-2021 00:24:31,Linson Moto - Moto Ekip
линсон мото-софия,19,30-01-2021 00:24:31,Linson Moto - Moto Ekip
vemar helmets,18,30-01-2021 00:24:31,Linson Moto - Moto Ekip
каски за мотор,18,30-01-2021 00:24:31,Linson Moto - Moto Ekip
магазин за каски софия,18,30-01-2021 00:24:31,Linson Moto - Moto Ekip
магазин за мото екипировка софия,18,30-01-2021 00:24:31,Linson Moto - Moto Ekip
моточасти софия,18,30-01-2021 00:24:31,Linson Moto - Moto Ekip
arai helmet,17,30-01-2021 00:24:31,Linson Moto - Moto Ekip
linson Moto,17,30-01-2021 00:24:31,Linson Moto - Moto Ekip
Части за мотори втора ръка,17,30-01-2021 00:24:31,Linson Moto - Moto Ekip
мото аксесоари софия,17,30-01-2021 00:24:31,Linson Moto - Moto Ekip
мотоциклети втора ръка,17,30-01-2021 00:24:31,Linson Moto - Moto Ekip
моточасти,17,30-01-2021 00:24:31,Linson Moto - Moto Ekip
airoh,16,30-01-2021 00:24:31,Linson Moto - Moto Ekip
bardahl,16,30-01-2021 00:24:31,Linson Moto - Moto Ekip
viper,16,30-01-2021 00:24:31,Linson Moto - Moto Ekip
акумулатори,16,30-01-2021 00:24:31,Linson Moto - Moto Ekip
магазин за мото аксесоари,16,30-01-2021 00:24:31,Linson Moto - Moto Ekip
