Search query, Volume, Date
linson moto,5 797,30-01-2021 00:24:31
мото екипировка,1 209,nan
linsonmoto,1 167,nan
линсон мото,1 105,nan
мотори,1 036,nan
moto,871,nan
linson,655,nan
каски,622,nan
мото каски,556,nan
мото,480,nan
мото екип,412,nan
мото аксесоари,411,nan
dainese,386,nan
части за мотори,350,nan
мото магазин,317,nan
motori,293,nan
мото магазин софия,290,nan
Linson Moto - Moto Ekip София,282,nan
Linson Moto - Moto Ekip улица „проф. Кирил Попов Sofia,223,nan
nula bike,204,nan
каски за мотори,202,nan
линсън мото,196,nan
Linson Moto - Moto Ekip улица „проф. Кирил Попов София,195,nan
мото яке,174,nan
мото якета,174,nan
moto moto,147,nan
motoekip,144,nan
магазин за мотори,137,nan
Мото магазин софия,125,nan
mv agusta,120,nan
moto bg,119,nan
линсон,118,nan
мото части,117,nan
moto ekip,104,nan
moto kaski,102,nan
Мото екипировка,99,nan
магазин за мотори софия,99,nan
линсонмото,92,nan
agv,91,nan
мото облекло,89,nan
магазин за мото екипировка,81,nan
мото обувки,80,nan
Linson moto,77,nan
linson moto bg,74,nan
аксесоари за мотор,70,nan
мотори втора ръка,70,nan
Linson Moto - Moto Ekip,65,nan
екип,64,nan
shark helmet,62,nan
alpinestars,59,nan
oneal екипировка,54,nan
акумулатор за мотор,50,nan
мотокрос,50,nan
linsonmoto.bg,48,nan
мото софия,46,nan
moto ekipirovka,43,nan
мото каска,42,nan
linson moto работно време,41,nan
аксесоари за мотори,40,nan
мото гуци,38,nan
lube,37,nan
Мото каски,37,nan
мотокрос екипировка,37,nan
alpinestar,35,nan
mt helmets,35,nan
ekip,34,nan
мото магазин студентски град,34,nan
мотоциклети,34,nan
Linson Moto - Moto Ekip улица „Професор Кирил Попов“ София,34,nan
Linson Moto - Moto Ekip улица „Професор Кирил Попов“ Sofia,33,nan
moto magazin,32,nan
kaski,28,nan
arai helmets,27,nan
nula. bike,26,nan
турър мотори,25,nan
магазин,23,nan
кавазаки,22,nan
Moto,21,nan
moto bulgaria,21,nan
moto.bg,21,nan
Bata магазини софия,20,nan
djigit shop,20,nan
moto guzzi,20,nan
линсон мото-софия,19,nan
vemar helmets,18,nan
каски за мотор,18,nan
магазин за каски софия,18,nan
магазин за мото екипировка софия,18,nan
моточасти софия,18,nan
arai helmet,17,nan
linson Moto,17,nan
Части за мотори втора ръка,17,nan
мото аксесоари софия,17,nan
мотоциклети втора ръка,17,nan
моточасти,17,nan
airoh,16,nan
bardahl,16,nan
viper,16,nan
акумулатори,16,nan
магазин за мото аксесоари,16,nan
